Role,Hero,Tier,Perk Name,Description,Icon URL,Hero Icon URL,Local Icon Path,Local Hero Icon Path
Tanks,D.Va,Minor Perk,Bunny Stomp,Call Mech’s damage radius is increased by 50%.,https://static.wikia.nocookie.net/overwatch_gamepedia/images/d/d2/Perk_BunnyStomp.png/revision/latest/scale-to-width-down/50?cb=20250314151236,https://static.wikia.nocookie.net/overwatch_gamepedia/images/1/19/Icon-D.Va.png/revision/latest/scale-to-width-down/64?cb=20221005161600,perk_icons\DVa_Bunny_Stomp.png,hero_icons\DVa.png
Tanks,D.Va,Minor Perk,Ejection Suit,Eject grants 75 temporary overhealth.,https://static.wikia.nocookie.net/overwatch_gamepedia/images/f/fc/Perk_EjectionSuit.png/revision/latest/scale-to-width-down/50?cb=20250314151246,https://static.wikia.nocookie.net/overwatch_gamepedia/images/1/19/Icon-D.Va.png/revision/latest/scale-to-width-down/64?cb=20221005161600,perk_icons\DVa_Ejection_Suit.png,hero_icons\DVa.png
Tanks,D.Va,Major Perk,Shield System,Convert 150 health to shields. Defense Matrix restores shields based on 25% of its damage absorbed.,https://static.wikia.nocookie.net/overwatch_gamepedia/images/e/ee/Perk_ShieldSystem.png/revision/latest/scale-to-width-down/50?cb=20250314151306,https://static.wikia.nocookie.net/overwatch_gamepedia/images/1/19/Icon-D.Va.png/revision/latest/scale-to-width-down/64?cb=20221005161600,perk_icons\DVa_Shield_System.png,hero_icons\DVa.png
Tanks,D.Va,Major Perk,Heavy Rockets,Micro Missiles are swapped for Heavy Rockets which fire fewer projectiles with increased damage and explosion size.,https://static.wikia.nocookie.net/overwatch_gamepedia/images/6/60/Perk_HeavyRockets.png/revision/latest/scale-to-width-down/50?cb=20250314151256,https://static.wikia.nocookie.net/overwatch_gamepedia/images/1/19/Icon-D.Va.png/revision/latest/scale-to-width-down/64?cb=20221005161600,perk_icons\DVa_Heavy_Rockets.png,hero_icons\DVa.png
Tanks,Doomfist,Minor Perk,One-Two,Hitting an enemy with Rocket Punch reloads all Hand Cannon ammo.,https://static.wikia.nocookie.net/overwatch_gamepedia/images/1/1e/Perk_OneTwo.png/revision/latest/scale-to-width-down/50?cb=20250314160125,https://static.wikia.nocookie.net/overwatch_gamepedia/images/a/a1/Icon-Doomfist.png/revision/latest/scale-to-width-down/64?cb=20221005161638,perk_icons\Doomfist_One-Two.png,hero_icons\Doomfist.png
Tanks,Doomfist,Minor Perk,Survival of the Fittest,The Best Defense grants 25 overhealth from eliminations and its max overhealth is increased by 50.,https://static.wikia.nocookie.net/overwatch_gamepedia/images/f/fd/Perk_Survival-of-the-Fittest.png/revision/latest/scale-to-width-down/50?cb=20250314160211,https://static.wikia.nocookie.net/overwatch_gamepedia/images/a/a1/Icon-Doomfist.png/revision/latest/scale-to-width-down/64?cb=20221005161638,perk_icons\Doomfist_Survival_of_the_Fittest.png,hero_icons\Doomfist.png
Tanks,Doomfist,Major Perk,Seismic Empowerment,Hitting 3 or more enemies with Seismic Slam empowers Rocket Punch.,https://static.wikia.nocookie.net/overwatch_gamepedia/images/7/79/Perk_SeismicEmpowerment.png/revision/latest/scale-to-width-down/50?cb=20250314160149,https://static.wikia.nocookie.net/overwatch_gamepedia/images/a/a1/Icon-Doomfist.png/revision/latest/scale-to-width-down/64?cb=20221005161638,perk_icons\Doomfist_Seismic_Empowerment.png,hero_icons\Doomfist.png
Tanks,Doomfist,Major Perk,Power Matrix,Power Block absorbs projectiles for the first second of its duration.,https://static.wikia.nocookie.net/overwatch_gamepedia/images/7/7e/Perk_PowerMatrix.png/revision/latest/scale-to-width-down/50?cb=20250314160137,https://static.wikia.nocookie.net/overwatch_gamepedia/images/a/a1/Icon-Doomfist.png/revision/latest/scale-to-width-down/64?cb=20221005161638,perk_icons\Doomfist_Power_Matrix.png,hero_icons\Doomfist.png
Tanks,Hazard,Minor Perk,Off The Top,Violent Leap’s Slash deals 30% more damage to enemies above 250 health.,https://static.wikia.nocookie.net/overwatch_gamepedia/images/8/8b/Perk_OffTheTop.png/revision/latest/scale-to-width-down/50?cb=20250314162916,https://static.wikia.nocookie.net/overwatch_gamepedia/images/5/54/Icon-Hazard.png/revision/latest/scale-to-width-down/64?cb=20250211163319,perk_icons\Hazard_Off_The_Top.png,hero_icons\Hazard.png
Tanks,Hazard,Minor Perk,Reconstitution,"Jagged Wall hits charge Spike Guard with 25 energy, up to 50 extra.",https://static.wikia.nocookie.net/overwatch_gamepedia/images/e/e6/Perk_Reconstitution.png/revision/latest/scale-to-width-down/50?cb=20250314162932,https://static.wikia.nocookie.net/overwatch_gamepedia/images/5/54/Icon-Hazard.png/revision/latest/scale-to-width-down/64?cb=20250211163319,perk_icons\Hazard_Reconstitution.png,hero_icons\Hazard.png
Tanks,Hazard,Major Perk,Anarchic Zeal,Spike Guard’s spikes gain 25% Lifesteal.,https://static.wikia.nocookie.net/overwatch_gamepedia/images/0/03/Perk_AnarchicZeal.png/revision/latest/scale-to-width-down/50?cb=20250314162737,https://static.wikia.nocookie.net/overwatch_gamepedia/images/5/54/Icon-Hazard.png/revision/latest/scale-to-width-down/64?cb=20250211163319,perk_icons\Hazard_Anarchic_Zeal.png,hero_icons\Hazard.png
Tanks,Hazard,Major Perk,Deep Leap,Violent Leap’s range is increased by 20%.,https://static.wikia.nocookie.net/overwatch_gamepedia/images/3/3d/Perk_DeepLeap.png/revision/latest/scale-to-width-down/50?cb=20250314163050,https://static.wikia.nocookie.net/overwatch_gamepedia/images/5/54/Icon-Hazard.png/revision/latest/scale-to-width-down/64?cb=20250211163319,perk_icons\Hazard_Deep_Leap.png,hero_icons\Hazard.png
Tanks,Junker Queen,Minor Perk,Rending Recall,Recalling Jagged Blade from a stuck target refreshes its wound.,https://static.wikia.nocookie.net/overwatch_gamepedia/images/d/d5/Perk_RendingRecall.png/revision/latest/scale-to-width-down/50?cb=20250314154109,https://static.wikia.nocookie.net/overwatch_gamepedia/images/2/2b/Icon-Junker_Queen.png/revision/latest/scale-to-width-down/64?cb=20221005161646,perk_icons\Junker_Queen_Rending_Recall.png,hero_icons\Junker_Queen.png
Tanks,Junker Queen,Minor Perk,Battle Shout,Commanding Shout fully reloads Scatter Gun and increases allied reload speed by 50%.,https://static.wikia.nocookie.net/overwatch_gamepedia/images/3/3c/Perk_BattleShout.png/revision/latest/scale-to-width-down/50?cb=20250314154042,https://static.wikia.nocookie.net/overwatch_gamepedia/images/2/2b/Icon-Junker_Queen.png/revision/latest/scale-to-width-down/64?cb=20221005161646,perk_icons\Junker_Queen_Battle_Shout.png,hero_icons\Junker_Queen.png
Tanks,Junker Queen,Major Perk,Deep Wounds,Scattergun hits extend your wound durations on those enemies by .25 seconds.,https://static.wikia.nocookie.net/overwatch_gamepedia/images/d/da/Perk_DeepWounds.png/revision/latest/scale-to-width-down/50?cb=20250314154054,https://static.wikia.nocookie.net/overwatch_gamepedia/images/2/2b/Icon-Junker_Queen.png/revision/latest/scale-to-width-down/64?cb=20221005161646,perk_icons\Junker_Queen_Deep_Wounds.png,hero_icons\Junker_Queen.png
Tanks,Junker Queen,Major Perk,Savage Satiation,Carnage's impact damage gains 100% lifesteal.,https://static.wikia.nocookie.net/overwatch_gamepedia/images/3/34/Perk_SavageSatiation.png/revision/latest/scale-to-width-down/50?cb=20250314154117,https://static.wikia.nocookie.net/overwatch_gamepedia/images/2/2b/Icon-Junker_Queen.png/revision/latest/scale-to-width-down/64?cb=20221005161646,perk_icons\Junker_Queen_Savage_Satiation.png,hero_icons\Junker_Queen.png
Tanks,Mauga,Minor Perk,Kinetic Bandolier,Overrun reloads up to 150 ammo while charging.,https://static.wikia.nocookie.net/overwatch_gamepedia/images/6/68/Perk_KineticBandolier.png/revision/latest/scale-to-width-down/50?cb=20250314155216,https://static.wikia.nocookie.net/overwatch_gamepedia/images/3/39/Icon-Mauga.png/revision/latest/scale-to-width-down/64?cb=20231205235708,perk_icons\Mauga_Kinetic_Bandolier.png,hero_icons\Mauga.png
Tanks,Mauga,Minor Perk,Two Hearts,"While on an objective, Mauga counts as 2 heroes and regenerates 20 health per second.",https://static.wikia.nocookie.net/overwatch_gamepedia/images/9/96/Perk_TwoHearts.png/revision/latest/scale-to-width-down/50?cb=20250314155233,https://static.wikia.nocookie.net/overwatch_gamepedia/images/3/39/Icon-Mauga.png/revision/latest/scale-to-width-down/64?cb=20231205235708,perk_icons\Mauga_Two_Hearts.png,hero_icons\Mauga.png
Tanks,Mauga,Major Perk,Firewalker,Overrun ignites enemies hit.,https://static.wikia.nocookie.net/overwatch_gamepedia/images/d/d0/Perk_Firewalker.png/revision/latest/scale-to-width-down/50?cb=20250314155207,https://static.wikia.nocookie.net/overwatch_gamepedia/images/3/39/Icon-Mauga.png/revision/latest/scale-to-width-down/64?cb=20231205235708,perk_icons\Mauga_Firewalker.png,hero_icons\Mauga.png
Tanks,Mauga,Major Perk,Combat Fuel,"Critical hits grant Mauga 2 temporary overhealth on Cardiac Overdrive's next use, up to 100 overhealth.",https://static.wikia.nocookie.net/overwatch_gamepedia/images/a/ad/Perk_CombatFuel.png/revision/latest/scale-to-width-down/50?cb=20250314155156,https://static.wikia.nocookie.net/overwatch_gamepedia/images/3/39/Icon-Mauga.png/revision/latest/scale-to-width-down/64?cb=20231205235708,perk_icons\Mauga_Combat_Fuel.png,hero_icons\Mauga.png
Tanks,Orisa,Minor Perk,Heat Dissipator,Critical hits from your primary fire refund heat.,https://static.wikia.nocookie.net/overwatch_gamepedia/images/7/75/Perk_HeatDissipator.png/revision/latest/scale-to-width-down/50?cb=20250314142720,https://static.wikia.nocookie.net/overwatch_gamepedia/images/1/11/Icon-Orisa.png/revision/latest/scale-to-width-down/64?cb=20221005161652,perk_icons\Orisa_Heat_Dissipator.png,hero_icons\Orisa.png
Tanks,Orisa,Minor Perk,Fleeting Bulwark,Fortify briefly grants an additional 100% decaying overhealth when activated.,https://static.wikia.nocookie.net/overwatch_gamepedia/images/8/87/Perk_FleetingBulwark.png/revision/latest/scale-to-width-down/50?cb=20250314142709,https://static.wikia.nocookie.net/overwatch_gamepedia/images/1/11/Icon-Orisa.png/revision/latest/scale-to-width-down/64?cb=20221005161652,perk_icons\Orisa_Fleeting_Bulwark.png,hero_icons\Orisa.png
Tanks,Orisa,Major Perk,Charged Javelin,Energy Javelin can be charged to increase projectile speed and knockback. Pierces enemies at full power.,https://static.wikia.nocookie.net/overwatch_gamepedia/images/0/09/Perk_ChargedJavelin.png/revision/latest/scale-to-width-down/50?cb=20250314142658,https://static.wikia.nocookie.net/overwatch_gamepedia/images/1/11/Icon-Orisa.png/revision/latest/scale-to-width-down/64?cb=20221005161652,perk_icons\Orisa_Charged_Javelin.png,hero_icons\Orisa.png
Tanks,Orisa,Major Perk,Protective Barrier,Javelin Spin is replaced with a barrier.,https://static.wikia.nocookie.net/overwatch_gamepedia/images/9/9d/Perk_ProtectiveBarrier.png/revision/latest/scale-to-width-down/50?cb=20250314142922,https://static.wikia.nocookie.net/overwatch_gamepedia/images/1/11/Icon-Orisa.png/revision/latest/scale-to-width-down/64?cb=20221005161652,perk_icons\Orisa_Protective_Barrier.png,hero_icons\Orisa.png
Tanks,Ramattra,Minor Perk,Void Surge,Void Accelerator periodically releases a burst of 6 additional projectiles during continuous fire.,https://static.wikia.nocookie.net/overwatch_gamepedia/images/2/2e/Perk_VoidSurge.png/revision/latest/scale-to-width-down/50?cb=20250314160647,https://static.wikia.nocookie.net/overwatch_gamepedia/images/6/6f/Icon-Ramattra.png/revision/latest/scale-to-width-down/64?cb=20221206190323,perk_icons\Ramattra_Void_Surge.png,hero_icons\Ramattra.png
Tanks,Ramattra,Minor Perk,Prolonged Barrier,Void Barrier's duration is increased by 25%.,https://static.wikia.nocookie.net/overwatch_gamepedia/images/d/d5/Perk_ProlongedBarrier.png/revision/latest/scale-to-width-down/50?cb=20250314160532,https://static.wikia.nocookie.net/overwatch_gamepedia/images/6/6f/Icon-Ramattra.png/revision/latest/scale-to-width-down/64?cb=20221206190323,perk_icons\Ramattra_Prolonged_Barrier.png,hero_icons\Ramattra.png
Tanks,Ramattra,Major Perk,Nanite Repair,Ramattra is healed for 50 health per second while within Ravenous Vortex.,https://static.wikia.nocookie.net/overwatch_gamepedia/images/8/85/Perk_NaniteRepair.png/revision/latest/scale-to-width-down/50?cb=20250314160515,https://static.wikia.nocookie.net/overwatch_gamepedia/images/6/6f/Icon-Ramattra.png/revision/latest/scale-to-width-down/64?cb=20221206190323,perk_icons\Ramattra_Nanite_Repair.png,hero_icons\Ramattra.png
Tanks,Ramattra,Major Perk,Vengeful Vortex,"While Ravenous Vortex is airborne, use E again to detonate it, dealing 50 damage and pulling enemies downward.",https://static.wikia.nocookie.net/overwatch_gamepedia/images/5/5b/Perk_VengefulVortex.png/revision/latest/scale-to-width-down/50?cb=20250314160634,https://static.wikia.nocookie.net/overwatch_gamepedia/images/6/6f/Icon-Ramattra.png/revision/latest/scale-to-width-down/64?cb=20221206190323,perk_icons\Ramattra_Vengeful_Vortex.png,hero_icons\Ramattra.png
Tanks,Reinhardt,Minor Perk,Crusader's Resolve,"While using Barrier Field, your passive health regeneration triggers 50% sooner.",https://static.wikia.nocookie.net/overwatch_gamepedia/images/8/80/Perk_CrusadersResolve.png/revision/latest/scale-to-width-down/50?cb=20250314162140,https://static.wikia.nocookie.net/overwatch_gamepedia/images/8/83/Icon-Reinhardt.png/revision/latest/scale-to-width-down/64?cb=20221005161659,perk_icons\Reinhardt_Crusader_s_Resolve.png,hero_icons\Reinhardt.png
Tanks,Reinhardt,Minor Perk,Fiery Uptake,Barrier Field is healed for 100% of Fire Strike's damage dealt.,https://static.wikia.nocookie.net/overwatch_gamepedia/images/9/94/Perk_FieryUptake.png/revision/latest/scale-to-width-down/50?cb=20250314162208,https://static.wikia.nocookie.net/overwatch_gamepedia/images/8/83/Icon-Reinhardt.png/revision/latest/scale-to-width-down/64?cb=20221005161659,perk_icons\Reinhardt_Fiery_Uptake.png,hero_icons\Reinhardt.png
Tanks,Reinhardt,Major Perk,Shield Slam,"While Barrier Field is active, use Primary Fire to damage and knockback enemies.",https://static.wikia.nocookie.net/overwatch_gamepedia/images/7/76/Perk_ShieldSlam.png/revision/latest/scale-to-width-down/50?cb=20250314162247,https://static.wikia.nocookie.net/overwatch_gamepedia/images/8/83/Icon-Reinhardt.png/revision/latest/scale-to-width-down/64?cb=20221005161659,perk_icons\Reinhardt_Shield_Slam.png,hero_icons\Reinhardt.png
Tanks,Reinhardt,Major Perk,Crushing Victory,Charge damage grants temporary overhealth for 50% of the damage dealt.,https://static.wikia.nocookie.net/overwatch_gamepedia/images/a/a8/Perk_CrushingVictory.png/revision/latest/scale-to-width-down/50?cb=20250314162155,https://static.wikia.nocookie.net/overwatch_gamepedia/images/8/83/Icon-Reinhardt.png/revision/latest/scale-to-width-down/64?cb=20221005161659,perk_icons\Reinhardt_Crushing_Victory.png,hero_icons\Reinhardt.png
Tanks,Roadhog,Minor Perk,Scrap Hook,Chain Hook hits reload 2 ammo.,https://static.wikia.nocookie.net/overwatch_gamepedia/images/4/41/Perk_ScrapHook.png/revision/latest/scale-to-width-down/50?cb=20250314165851,https://static.wikia.nocookie.net/overwatch_gamepedia/images/1/16/Icon-Roadhog.png/revision/latest/scale-to-width-down/64?cb=20221005161706,perk_icons\Roadhog_Scrap_Hook.png,hero_icons\Roadhog.png
Tanks,Roadhog,Minor Perk,Hog Toss,Pig Pen's throw range is increased by 50%.,https://static.wikia.nocookie.net/overwatch_gamepedia/images/c/cc/Perk_HogToss.png/revision/latest/scale-to-width-down/50?cb=20250314165822,https://static.wikia.nocookie.net/overwatch_gamepedia/images/1/16/Icon-Roadhog.png/revision/latest/scale-to-width-down/64?cb=20221005161706,perk_icons\Roadhog_Hog_Toss.png,hero_icons\Roadhog.png
Tanks,Roadhog,Major Perk,Invigorate,Take A Breather rapidly increases Roadhog's movement speed by 30%.,https://static.wikia.nocookie.net/overwatch_gamepedia/images/5/56/Perk_Invigorate.png/revision/latest/scale-to-width-down/50?cb=20250314165838,https://static.wikia.nocookie.net/overwatch_gamepedia/images/1/16/Icon-Roadhog.png/revision/latest/scale-to-width-down/64?cb=20221005161706,perk_icons\Roadhog_Invigorate.png,hero_icons\Roadhog.png
Tanks,Roadhog,Major Perk,Hogdrogen Exposure,Take A Breather also heals nearby allies for 50% of its healing.,https://static.wikia.nocookie.net/overwatch_gamepedia/images/e/e6/Perk_HogdrogenExposure.png/revision/latest/scale-to-width-down/50?cb=20250314165809,https://static.wikia.nocookie.net/overwatch_gamepedia/images/1/16/Icon-Roadhog.png/revision/latest/scale-to-width-down/64?cb=20221005161706,perk_icons\Roadhog_Hogdrogen_Exposure.png,hero_icons\Roadhog.png
Tanks,Sigma,Minor Perk,Kinetic Cycle,Absorbing projectiles with Kinetic Grasp also reduces Accretion's cooldown.,https://static.wikia.nocookie.net/overwatch_gamepedia/images/9/99/Perk_KineticCycle.png/revision/latest/scale-to-width-down/50?cb=20250314163422,https://static.wikia.nocookie.net/overwatch_gamepedia/images/e/e0/Icon-Sigma.png/revision/latest/scale-to-width-down/64?cb=20221005161714,perk_icons\Sigma_Kinetic_Cycle.png,hero_icons\Sigma.png
Tanks,Sigma,Minor Perk,Massive Impact,Accretion's knockdown duration increases to up to 3 seconds based on travel distance.,https://static.wikia.nocookie.net/overwatch_gamepedia/images/6/65/Perk_MassiveImpact.png/revision/latest/scale-to-width-down/50?cb=20250314163445,https://static.wikia.nocookie.net/overwatch_gamepedia/images/e/e0/Icon-Sigma.png/revision/latest/scale-to-width-down/64?cb=20221005161714,perk_icons\Sigma_Massive_Impact.png,hero_icons\Sigma.png
Tanks,Sigma,Major Perk,Hyper Strike,"Every 5 direct hits with Hyperspheres, your next successful Quick Melee levitates and knocks away enemies.",https://static.wikia.nocookie.net/overwatch_gamepedia/images/6/6a/Perk_HyperStrike.png/revision/latest/scale-to-width-down/50?cb=20250314163411,https://static.wikia.nocookie.net/overwatch_gamepedia/images/e/e0/Icon-Sigma.png/revision/latest/scale-to-width-down/64?cb=20221005161714,perk_icons\Sigma_Hyper_Strike.png,hero_icons\Sigma.png
Tanks,Sigma,Major Perk,Levitation,Activate and hold Double Jump to briefly levitate upward.,https://static.wikia.nocookie.net/overwatch_gamepedia/images/f/f5/Perk_Levitation.png/revision/latest/scale-to-width-down/50?cb=20250314163434,https://static.wikia.nocookie.net/overwatch_gamepedia/images/e/e0/Icon-Sigma.png/revision/latest/scale-to-width-down/64?cb=20221005161714,perk_icons\Sigma_Levitation.png,hero_icons\Sigma.png
Tanks,Winston,Minor Perk,Short Circuit,Tesla Cannon deals 30% more damage to deployable objects.,https://static.wikia.nocookie.net/overwatch_gamepedia/images/f/f5/Perk_ShortCircuit.png/revision/latest/scale-to-width-down/50?cb=20250314170221,https://static.wikia.nocookie.net/overwatch_gamepedia/images/f/f8/Icon-Winston.png/revision/latest/scale-to-width-down/64?cb=20221005161721,perk_icons\Winston_Short_Circuit.png,hero_icons\Winston.png
Tanks,Winston,Minor Perk,Heavy Landing,"During Primal Rage, Jump Pack's damage and area increase by up to 75% while airborne.",https://static.wikia.nocookie.net/overwatch_gamepedia/images/b/b6/Perk_HeavyLanding.png/revision/latest/scale-to-width-down/50?cb=20250314170150,https://static.wikia.nocookie.net/overwatch_gamepedia/images/f/f8/Icon-Winston.png/revision/latest/scale-to-width-down/64?cb=20221005161721,perk_icons\Winston_Heavy_Landing.png,hero_icons\Winston.png
Tanks,Winston,Major Perk,Chain Lightning,Fully charged Secondary Fire hits bounce to up to 2 additional targets.,https://static.wikia.nocookie.net/overwatch_gamepedia/images/2/20/Perk_ChainLightning.png/revision/latest/scale-to-width-down/50?cb=20250314170132,https://static.wikia.nocookie.net/overwatch_gamepedia/images/f/f8/Icon-Winston.png/revision/latest/scale-to-width-down/64?cb=20221005161721,perk_icons\Winston_Chain_Lightning.png,hero_icons\Winston.png
Tanks,Winston,Major Perk,Revitalizing Barrier,Barrier Projector heals allies within it for 30 health per second.,https://static.wikia.nocookie.net/overwatch_gamepedia/images/a/ae/Perk_RevitalizingBarrier.png/revision/latest/scale-to-width-down/50?cb=20250314170211,https://static.wikia.nocookie.net/overwatch_gamepedia/images/f/f8/Icon-Winston.png/revision/latest/scale-to-width-down/64?cb=20221005161721,perk_icons\Winston_Revitalizing_Barrier.png,hero_icons\Winston.png
Tanks,Wrecking Ball,Minor Perk,Steamroller,Roll impacts deal 100% more damage to Tanks.,https://static.wikia.nocookie.net/overwatch_gamepedia/images/2/20/Perk_Steamroller.png/revision/latest/scale-to-width-down/50?cb=20250314143317,https://static.wikia.nocookie.net/overwatch_gamepedia/images/c/ca/Icon-Wrecking_Ball.png/revision/latest/scale-to-width-down/64?cb=20221005161727,perk_icons\Wrecking_Ball_Steamroller.png,hero_icons\Wrecking_Ball.png
Tanks,Wrecking Ball,Minor Perk,Pack Rat,Health Packs heal an additional 100 health.,https://static.wikia.nocookie.net/overwatch_gamepedia/images/3/38/Perk_PackRat.png/revision/latest/scale-to-width-down/50?cb=20250314143306,https://static.wikia.nocookie.net/overwatch_gamepedia/images/c/ca/Icon-Wrecking_Ball.png/revision/latest/scale-to-width-down/64?cb=20221005161727,perk_icons\Wrecking_Ball_Pack_Rat.png,hero_icons\Wrecking_Ball.png
Tanks,Wrecking Ball,Major Perk,Hang Time,"Piledriver winds up longer, gaining air control and dealing up to 50% more damage.",https://static.wikia.nocookie.net/overwatch_gamepedia/images/4/4d/Perk_HangTime.png/revision/latest/scale-to-width-down/50?cb=20250314143254,https://static.wikia.nocookie.net/overwatch_gamepedia/images/c/ca/Icon-Wrecking_Ball.png/revision/latest/scale-to-width-down/64?cb=20221005161727,perk_icons\Wrecking_Ball_Hang_Time.png,hero_icons\Wrecking_Ball.png
Tanks,Wrecking Ball,Major Perk,Transfer Efficiency,Reactivating Adaptive Shield reduces its cooldown by 1.5 seconds per ally affected and ally health gained is increased by 33%.,https://static.wikia.nocookie.net/overwatch_gamepedia/images/3/37/Perk_TransferEfficiency.png/revision/latest/scale-to-width-down/50?cb=20250314143327,https://static.wikia.nocookie.net/overwatch_gamepedia/images/c/ca/Icon-Wrecking_Ball.png/revision/latest/scale-to-width-down/64?cb=20221005161727,perk_icons\Wrecking_Ball_Transfer_Efficiency.png,hero_icons\Wrecking_Ball.png
Tanks,Zarya,Minor Perk,Jump-Ups,Secondary Fire's self-knockback is increased by 75%.,https://static.wikia.nocookie.net/overwatch_gamepedia/images/4/40/Perk_JumpUps.png/revision/latest/scale-to-width-down/50?cb=20250314170451,https://static.wikia.nocookie.net/overwatch_gamepedia/images/7/75/Icon-Zarya.png/revision/latest/scale-to-width-down/64?cb=20221005161732,perk_icons\Zarya_Jump-Ups.png,hero_icons\Zarya.png
Tanks,Zarya,Minor Perk,Graviton Crush,Graviton Surge deals up to 30% of enemy max health as damage over time.,https://static.wikia.nocookie.net/overwatch_gamepedia/images/9/95/Perk_GravitonCrush.png/revision/latest/scale-to-width-down/50?cb=20250314170443,https://static.wikia.nocookie.net/overwatch_gamepedia/images/7/75/Icon-Zarya.png/revision/latest/scale-to-width-down/64?cb=20221005161732,perk_icons\Zarya_Graviton_Crush.png,hero_icons\Zarya.png
Tanks,Zarya,Major Perk,Energy Lance,Particle Cannon's beam pierces enemies while over 50 energy.,https://static.wikia.nocookie.net/overwatch_gamepedia/images/c/ce/Perk_EnergyLance.png/revision/latest/scale-to-width-down/50?cb=20250314170429,https://static.wikia.nocookie.net/overwatch_gamepedia/images/7/75/Icon-Zarya.png/revision/latest/scale-to-width-down/64?cb=20221005161732,perk_icons\Zarya_Energy_Lance.png,hero_icons\Zarya.png
Tanks,Zarya,Major Perk,Spotter,Projected Barrier activates ally health regeneration and increases their movement speed by 15%.,https://static.wikia.nocookie.net/overwatch_gamepedia/images/e/ec/Perk_Spotter.png/revision/latest/scale-to-width-down/50?cb=20250314170502,https://static.wikia.nocookie.net/overwatch_gamepedia/images/7/75/Icon-Zarya.png/revision/latest/scale-to-width-down/64?cb=20221005161732,perk_icons\Zarya_Spotter.png,hero_icons\Zarya.png
Damage,Ashe,Minor Perk,Rapid Fire,"Unscoped shots gain 30% increased attack speed, but deal 15% less damage.",https://static.wikia.nocookie.net/overwatch_gamepedia/images/7/74/Perk_RapidFire.png/revision/latest/scale-to-width-down/50?cb=20250314144049,https://static.wikia.nocookie.net/overwatch_gamepedia/images/b/be/Icon-Ashe.png/revision/latest/scale-to-width-down/64?cb=20221005165904,perk_icons\Ashe_Rapid_Fire.png,hero_icons\Ashe.png
Damage,Ashe,Major Perk,Viper's Sting,Hitting 2 consecutive scoped shots on a target deals 25 extra damage and reloads 2 ammo.,https://static.wikia.nocookie.net/overwatch_gamepedia/images/2/2e/Perk_VipersSting.png/revision/latest/scale-to-width-down/50?cb=20250314144106,https://static.wikia.nocookie.net/overwatch_gamepedia/images/b/be/Icon-Ashe.png/revision/latest/scale-to-width-down/64?cb=20221005165904,perk_icons\Ashe_Viper_s_Sting.png,hero_icons\Ashe.png
Damage,Ashe,Major Perk,Airburst,Dynamite has a 40% increased detonation radius while airborne and refunds 3 ammo when thrown.,https://static.wikia.nocookie.net/overwatch_gamepedia/images/9/91/Perk_Airburst.png/revision/latest/scale-to-width-down/50?cb=20250314144040,https://static.wikia.nocookie.net/overwatch_gamepedia/images/b/be/Icon-Ashe.png/revision/latest/scale-to-width-down/64?cb=20221005165904,perk_icons\Ashe_Airburst.png,hero_icons\Ashe.png
Damage,Ashe,Minor Perk,Sidewinder,Coach Gun pushes Ashe and enemies 20% farther.,https://static.wikia.nocookie.net/overwatch_gamepedia/images/1/17/Perk_Sidewinder.png/revision/latest/scale-to-width-down/50?cb=20250314144057,https://static.wikia.nocookie.net/overwatch_gamepedia/images/b/be/Icon-Ashe.png/revision/latest/scale-to-width-down/64?cb=20221005165904,perk_icons\Ashe_Sidewinder.png,hero_icons\Ashe.png
Damage,Bastion,Major Perk,Lindholm Explosives,Configuration: Assault’s Weapon slowly fires explosive shells instead of a rotary cannon.,https://static.wikia.nocookie.net/overwatch_gamepedia/images/9/92/Perk_LindholmExplosives.png/revision/latest/scale-to-width-down/50?cb=20250314145731,https://static.wikia.nocookie.net/overwatch_gamepedia/images/5/51/Icon-Bastion.png/revision/latest/scale-to-width-down/64?cb=20221005165909,perk_icons\Bastion_Lindholm_Explosives.png,hero_icons\Bastion.png
Damage,Bastion,Major Perk,Self-Repair,Press E to rapidly heal yourself.,https://static.wikia.nocookie.net/overwatch_gamepedia/images/2/24/Ability-bastion4.png/revision/latest/scale-to-width-down/50?cb=20141111123307,https://static.wikia.nocookie.net/overwatch_gamepedia/images/5/51/Icon-Bastion.png/revision/latest/scale-to-width-down/64?cb=20221005165909,perk_icons\Bastion_Self-Repair.png,hero_icons\Bastion.png
Damage,Bastion,Minor Perk,Smart Bomb,A-36 Tactical Grenade’s self-knockback is increased by 25% and no longer damages you.,https://static.wikia.nocookie.net/overwatch_gamepedia/images/6/6a/Perk_SmartBomb.png/revision/latest/scale-to-width-down/50?cb=20250314145752,https://static.wikia.nocookie.net/overwatch_gamepedia/images/5/51/Icon-Bastion.png/revision/latest/scale-to-width-down/64?cb=20221005165909,perk_icons\Bastion_Smart_Bomb.png,hero_icons\Bastion.png
Damage,Bastion,Minor Perk,Armored Artillery,Configuration: Artillery grants 300 temporary overhealth.,https://static.wikia.nocookie.net/overwatch_gamepedia/images/5/59/Perk_ArmoredArtillery.png/revision/latest/scale-to-width-down/50?cb=20250314145722,https://static.wikia.nocookie.net/overwatch_gamepedia/images/5/51/Icon-Bastion.png/revision/latest/scale-to-width-down/64?cb=20221005165909,perk_icons\Bastion_Armored_Artillery.png,hero_icons\Bastion.png
Damage,Cassidy,Major Perk,Gun Slingin',Critical hits with Primary Fire reduce the cooldown of Combat Roll by 3 seconds.,https://static.wikia.nocookie.net/overwatch_gamepedia/images/4/40/Perk_GunSlingin.png/revision/latest/scale-to-width-down/50?cb=20250314150423,https://static.wikia.nocookie.net/overwatch_gamepedia/images/0/05/Icon-Cassidy.png/revision/latest/scale-to-width-down/64?cb=20221005165914,perk_icons\Cassidy_Gun_Slingin_.png,hero_icons\Cassidy.png
Damage,Cassidy,Major Perk,Bang Bang,"Cassidy throws a second Flashbang that travels farther, but both Flashbangs deal 30% reduced damage.",https://static.wikia.nocookie.net/overwatch_gamepedia/images/f/f6/Perk_BangBang.png/revision/latest/scale-to-width-down/50?cb=20250314150415,https://static.wikia.nocookie.net/overwatch_gamepedia/images/0/05/Icon-Cassidy.png/revision/latest/scale-to-width-down/64?cb=20221005165914,perk_icons\Cassidy_Bang_Bang.png,hero_icons\Cassidy.png
Damage,Cassidy,Minor Perk,Past Noon,Deadeye refunds 30% Ultimate Charge if it fully expires.,https://static.wikia.nocookie.net/overwatch_gamepedia/images/6/6c/Perk_PastNoon.png/revision/latest/scale-to-width-down/50?cb=20250314150501,https://static.wikia.nocookie.net/overwatch_gamepedia/images/0/05/Icon-Cassidy.png/revision/latest/scale-to-width-down/64?cb=20221005165914,perk_icons\Cassidy_Past_Noon.png,hero_icons\Cassidy.png
Damage,Cassidy,Minor Perk,Quick Draw,Fan the Hammer shots are individually controlled and can crit for 50% more damage.,https://static.wikia.nocookie.net/overwatch_gamepedia/images/6/6b/Perk_QuickDraw.png/revision/latest/scale-to-width-down/50?cb=20250314150511,https://static.wikia.nocookie.net/overwatch_gamepedia/images/0/05/Icon-Cassidy.png/revision/latest/scale-to-width-down/64?cb=20221005165914,perk_icons\Cassidy_Quick_Draw.png,hero_icons\Cassidy.png
Damage,Echo,Minor Perk,Enhanced Duplication,"During Duplicate, your clone’s first ultimate extends Duplicate’s duration by 3 seconds.",https://static.wikia.nocookie.net/overwatch_gamepedia/images/b/b7/Perk_EnhancedDuplication.png/revision/latest/scale-to-width-down/50?cb=20250314151642,https://static.wikia.nocookie.net/overwatch_gamepedia/images/d/d6/Icon-Echo.png/revision/latest/scale-to-width-down/64?cb=20221005165920,perk_icons\Echo_Enhanced_Duplication.png,hero_icons\Echo.png
Damage,Echo,Minor Perk,Friendly Imaging,Duplicate can also target allies.,https://static.wikia.nocookie.net/overwatch_gamepedia/images/d/d3/Perk_FriendlyImaging.png/revision/latest/scale-to-width-down/50?cb=20250314151653,https://static.wikia.nocookie.net/overwatch_gamepedia/images/d/d6/Icon-Echo.png/revision/latest/scale-to-width-down/64?cb=20221005165920,perk_icons\Echo_Friendly_Imaging.png,hero_icons\Echo.png
Damage,Echo,Major Perk,High Beams,Focusing Beam eliminations reset Flight’s cooldown.,https://static.wikia.nocookie.net/overwatch_gamepedia/images/e/e7/Perk_HighBeams.png/revision/latest/scale-to-width-down/50?cb=20250314151709,https://static.wikia.nocookie.net/overwatch_gamepedia/images/d/d6/Icon-Echo.png/revision/latest/scale-to-width-down/64?cb=20221005165920,perk_icons\Echo_High_Beams.png,hero_icons\Echo.png
Damage,Echo,Major Perk,Full Salvo,"Sticky Bombs fires 50% more projectiles, but all Sticky Bombs deal 15% less damage.",https://static.wikia.nocookie.net/overwatch_gamepedia/images/e/ed/Perk_FullSalvo.png/revision/latest/scale-to-width-down/50?cb=20250314151702,https://static.wikia.nocookie.net/overwatch_gamepedia/images/d/d6/Icon-Echo.png/revision/latest/scale-to-width-down/64?cb=20221005165920,perk_icons\Echo_Full_Salvo.png,hero_icons\Echo.png
Damage,Freja,Major Perk,Job's Done,"After getting killing blows on 5 unique enemy players, permanently reduce the cooldown of Take Aim by 20%.",https://static.wikia.nocookie.net/overwatch_gamepedia/images/5/56/Placeholder_ability_icon.png/revision/latest/scale-to-width-down/50?cb=20240417112134,https://static.wikia.nocookie.net/overwatch_gamepedia/images/0/04/Icon-Freja.png/revision/latest/scale-to-width-down/64?cb=20250223203637,perk_icons\Freja_Job_s_Done.png,hero_icons\Freja.png
Damage,Freja,Minor Perk,Bounty Collection,Eliminations grant 2% ultimate charge. Killing blows grant 4%.,https://static.wikia.nocookie.net/overwatch_gamepedia/images/5/56/Placeholder_ability_icon.png/revision/latest/scale-to-width-down/50?cb=20240417112134,https://static.wikia.nocookie.net/overwatch_gamepedia/images/0/04/Icon-Freja.png/revision/latest/scale-to-width-down/64?cb=20250223203637,perk_icons\Freja_Bounty_Collection.png,hero_icons\Freja.png
Damage,Freja,Minor Perk,Tracking Bolts,Enemies hit by 3 regular bolts in quick succession are revealed for 4 seconds.,https://static.wikia.nocookie.net/overwatch_gamepedia/images/5/56/Placeholder_ability_icon.png/revision/latest/scale-to-width-down/50?cb=20240417112134,https://static.wikia.nocookie.net/overwatch_gamepedia/images/0/04/Icon-Freja.png/revision/latest/scale-to-width-down/64?cb=20250223203637,perk_icons\Freja_Tracking_Bolts.png,hero_icons\Freja.png
Damage,Freja,Major Perk,Ready to Hunt,Updraft grants a temporary free use of Quick Dash.,https://static.wikia.nocookie.net/overwatch_gamepedia/images/5/56/Placeholder_ability_icon.png/revision/latest/scale-to-width-down/50?cb=20240417112134,https://static.wikia.nocookie.net/overwatch_gamepedia/images/0/04/Icon-Freja.png/revision/latest/scale-to-width-down/64?cb=20250223203637,perk_icons\Freja_Ready_to_Hunt.png,hero_icons\Freja.png
Damage,Genji,Minor Perk,Dragon's Thirst,Dragonblade swings gain 30% lifesteal.,https://static.wikia.nocookie.net/overwatch_gamepedia/images/6/65/Perk_DragonsThirst.png/revision/latest/scale-to-width-down/50?cb=20250314152450,https://static.wikia.nocookie.net/overwatch_gamepedia/images/1/1c/Icon-Genji.png/revision/latest/scale-to-width-down/64?cb=20221005165931,perk_icons\Genji_Dragon_s_Thirst.png,hero_icons\Genji.png
Damage,Genji,Minor Perk,Acrobatics,Swift Strike resets double jump.,https://static.wikia.nocookie.net/overwatch_gamepedia/images/8/8f/Perk_Acrobatics.png/revision/latest/scale-to-width-down/50?cb=20250314152428,https://static.wikia.nocookie.net/overwatch_gamepedia/images/1/1c/Icon-Genji.png/revision/latest/scale-to-width-down/64?cb=20221005165931,perk_icons\Genji_Acrobatics.png,hero_icons\Genji.png
Damage,Genji,Major Perk,Blade Twisting,Swift Strike deals 25 additional damage over time when used shortly after an elimination.,https://static.wikia.nocookie.net/overwatch_gamepedia/images/0/09/Perk_BladeTwisting.png/revision/latest/scale-to-width-down/50?cb=20250314152441,https://static.wikia.nocookie.net/overwatch_gamepedia/images/1/1c/Icon-Genji.png/revision/latest/scale-to-width-down/64?cb=20221005165931,perk_icons\Genji_Blade_Twisting.png,hero_icons\Genji.png
Damage,Genji,Major Perk,Meditation,Regenerate 25 health per second while Deflect is active.,https://static.wikia.nocookie.net/overwatch_gamepedia/images/1/17/Perk_Meditation.png/revision/latest/scale-to-width-down/50?cb=20250314152500,https://static.wikia.nocookie.net/overwatch_gamepedia/images/1/1c/Icon-Genji.png/revision/latest/scale-to-width-down/64?cb=20221005165931,perk_icons\Genji_Meditation.png,hero_icons\Genji.png
Damage,Hanzo,Minor Perk,Scatter Arrows,Storm Arrows split into 3 new projectiles on their first ricochet and bounce 2 extra times.,https://static.wikia.nocookie.net/overwatch_gamepedia/images/1/1d/Perk_ScatterArrows.png/revision/latest/scale-to-width-down/50?cb=20250314152815,https://static.wikia.nocookie.net/overwatch_gamepedia/images/7/71/Icon-Hanzo.png/revision/latest/scale-to-width-down/64?cb=20221005165925,perk_icons\Hanzo_Scatter_Arrows.png,hero_icons\Hanzo.png
Damage,Hanzo,Minor Perk,Sonic Disruption,Sonic Arrow hacks nearby Health Packs for 12 seconds.,https://static.wikia.nocookie.net/overwatch_gamepedia/images/f/fe/Perk_SonicDisruption.png/revision/latest/scale-to-width-down/50?cb=20250314152830,https://static.wikia.nocookie.net/overwatch_gamepedia/images/7/71/Icon-Hanzo.png/revision/latest/scale-to-width-down/64?cb=20221005165925,perk_icons\Hanzo_Sonic_Disruption.png,hero_icons\Hanzo.png
Damage,Hanzo,Major Perk,Dragon Fury,"After hitting an enemy with Primary Fire, gain 25% attack speed for 1 second.",https://static.wikia.nocookie.net/overwatch_gamepedia/images/b/ba/Perk_DragonFury.png/revision/latest/scale-to-width-down/50?cb=20250314152803,https://static.wikia.nocookie.net/overwatch_gamepedia/images/7/71/Icon-Hanzo.png/revision/latest/scale-to-width-down/64?cb=20221005165925,perk_icons\Hanzo_Dragon_Fury.png,hero_icons\Hanzo.png
Damage,Hanzo,Major Perk,Yamagami Technique,Wall Climb accelerates your Lunge cooldown by 250%.,https://static.wikia.nocookie.net/overwatch_gamepedia/images/8/8b/Perk_YamagamiTechnique.png/revision/latest/scale-to-width-down/50?cb=20250314152841,https://static.wikia.nocookie.net/overwatch_gamepedia/images/7/71/Icon-Hanzo.png/revision/latest/scale-to-width-down/64?cb=20221005165925,perk_icons\Hanzo_Yamagami_Technique.png,hero_icons\Hanzo.png
Damage,Junkrat,Minor Perk,Nitro Boost,"During RIP-Tire, use (LSHIFT) to gain a quick boost of speed. Doing so reduces RIP-Tire’s damage by 50%.",https://static.wikia.nocookie.net/overwatch_gamepedia/images/b/b3/Perk_NitroBoost.png/revision/latest/scale-to-width-down/50?cb=20250314203634,https://static.wikia.nocookie.net/overwatch_gamepedia/images/9/99/Icon-Junkrat.png/revision/latest/scale-to-width-down/64?cb=20221005170201,perk_icons\Junkrat_Nitro_Boost.png,hero_icons\Junkrat.png
Damage,Junkrat,Minor Perk,Aluminium Frame,Steel Trap’s throw range is increased by 50%.,https://static.wikia.nocookie.net/overwatch_gamepedia/images/8/87/Perk_AluminiumFrame.png/revision/latest/scale-to-width-down/50?cb=20250314203614,https://static.wikia.nocookie.net/overwatch_gamepedia/images/9/99/Icon-Junkrat.png/revision/latest/scale-to-width-down/64?cb=20221005170201,perk_icons\Junkrat_Aluminium_Frame.png,hero_icons\Junkrat.png
Damage,Junkrat,Major Perk,Frag Cannon,"Frag Launcher’s projectile speed is increased by 40%, but its max ammo is reduced by 1.",https://static.wikia.nocookie.net/overwatch_gamepedia/images/0/0a/Perk_FragCannon.png/revision/latest/scale-to-width-down/50?cb=20250314203624,https://static.wikia.nocookie.net/overwatch_gamepedia/images/9/99/Icon-Junkrat.png/revision/latest/scale-to-width-down/64?cb=20221005170201,perk_icons\Junkrat_Frag_Cannon.png,hero_icons\Junkrat.png
Damage,Junkrat,Major Perk,Tick Tock,"Concussive Mine arms 0.5 second after landing, increasing damage by 50%, explosion radius by 50%, and health by 200%.",https://static.wikia.nocookie.net/overwatch_gamepedia/images/b/b1/Perk_TickTock.png/revision/latest/scale-to-width-down/50?cb=20250314203643,https://static.wikia.nocookie.net/overwatch_gamepedia/images/9/99/Icon-Junkrat.png/revision/latest/scale-to-width-down/64?cb=20221005170201,perk_icons\Junkrat_Tick_Tock.png,hero_icons\Junkrat.png
Damage,Mei,Major Perk,Cryo-Storm,Cryo-Freeze slows and deals 70 damage per second to nearby enemies.,https://static.wikia.nocookie.net/overwatch_gamepedia/images/6/62/Perk_CryoStorm.png/revision/latest/scale-to-width-down/50?cb=20250314155538,https://static.wikia.nocookie.net/overwatch_gamepedia/images/9/99/Icon-Mei.png/revision/latest/scale-to-width-down/64?cb=20221005170206,perk_icons\Mei_Cryo-Storm.png,hero_icons\Mei.png
Damage,Mei,Minor Perk,Permafrost,Ice Wall’s duration and cooldown are increased by 2 seconds.,https://static.wikia.nocookie.net/overwatch_gamepedia/images/2/25/Perk_Permafrost.png/revision/latest/scale-to-width-down/50?cb=20250314155549,https://static.wikia.nocookie.net/overwatch_gamepedia/images/9/99/Icon-Mei.png/revision/latest/scale-to-width-down/64?cb=20221005170206,perk_icons\Mei_Permafrost.png,hero_icons\Mei.png
Damage,Mei,Major Perk,Biting Cold,"Secondary fire hits slow enemies by 15% for 1.5 seconds, stacking up to 30%.",https://static.wikia.nocookie.net/overwatch_gamepedia/images/3/34/Perk_BitingCold.png/revision/latest/scale-to-width-down/50?cb=20250314155517,https://static.wikia.nocookie.net/overwatch_gamepedia/images/9/99/Icon-Mei.png/revision/latest/scale-to-width-down/64?cb=20221005170206,perk_icons\Mei_Biting_Cold.png,hero_icons\Mei.png
Damage,Mei,Minor Perk,Chilling Reach,Primary fire’s range is increased by 30%.,https://static.wikia.nocookie.net/overwatch_gamepedia/images/9/99/Perk_ChillingReach.png/revision/latest/scale-to-width-down/50?cb=20250314155528,https://static.wikia.nocookie.net/overwatch_gamepedia/images/9/99/Icon-Mei.png/revision/latest/scale-to-width-down/64?cb=20221005170206,perk_icons\Mei_Chilling_Reach.png,hero_icons\Mei.png
Damage,Pharah,Minor Perk,Helix Shields,Convert 75 health to shields.,https://static.wikia.nocookie.net/overwatch_gamepedia/images/9/90/Perk_HelixShields.png/revision/latest/scale-to-width-down/50?cb=20250314152208,https://static.wikia.nocookie.net/overwatch_gamepedia/images/2/29/Icon-Pharah.png/revision/latest/scale-to-width-down/64?cb=20221005170211,perk_icons\Pharah_Helix_Shields.png,hero_icons\Pharah.png
Damage,Pharah,Minor Perk,Drift Thrusters,Pharah can move while Barrage is active.,https://static.wikia.nocookie.net/overwatch_gamepedia/images/c/c6/Perk_DriftThrusters.png/revision/latest/scale-to-width-down/50?cb=20250314152149,https://static.wikia.nocookie.net/overwatch_gamepedia/images/2/29/Icon-Pharah.png/revision/latest/scale-to-width-down/64?cb=20221005170211,perk_icons\Pharah_Drift_Thrusters.png,hero_icons\Pharah.png
Damage,Pharah,Major Perk,Concussive Implosion,Concussive Blast’s knockback is inverted to a pull in.,https://static.wikia.nocookie.net/overwatch_gamepedia/images/b/bd/Perk_ConcussiveImplosion.png/revision/latest/scale-to-width-down/50?cb=20250314152140,https://static.wikia.nocookie.net/overwatch_gamepedia/images/2/29/Icon-Pharah.png/revision/latest/scale-to-width-down/64?cb=20221005170211,perk_icons\Pharah_Concussive_Implosion.png,hero_icons\Pharah.png
Damage,Pharah,Major Perk,Fuel Stores,Jet Dash grants 50% fuel. Maximum overfuel is increased by 100%.,https://static.wikia.nocookie.net/overwatch_gamepedia/images/6/61/Perk_FuelStores.png/revision/latest/scale-to-width-down/50?cb=20250314152200,https://static.wikia.nocookie.net/overwatch_gamepedia/images/2/29/Icon-Pharah.png/revision/latest/scale-to-width-down/64?cb=20221005170211,perk_icons\Pharah_Fuel_Stores.png,hero_icons\Pharah.png
Damage,Reaper,Minor Perk,Soul Reaving,Collect Soul Globes from dead enemies to restore 50 health.,https://static.wikia.nocookie.net/overwatch_gamepedia/images/0/08/Perk_SoulReaving.png/revision/latest/scale-to-width-down/50?cb=20250314204149,https://static.wikia.nocookie.net/overwatch_gamepedia/images/a/a9/Icon-Reaper.png/revision/latest/scale-to-width-down/64?cb=20221005170219,perk_icons\Reaper_Soul_Reaving.png,hero_icons\Reaper.png
Damage,Reaper,Minor Perk,Death's Shadow,Shadow Step reloads hellfire shotguns and has 25% increased range.,https://static.wikia.nocookie.net/overwatch_gamepedia/images/0/0f/Perk_DeathsShadow.png/revision/latest/scale-to-width-down/50?cb=20250314204118,https://static.wikia.nocookie.net/overwatch_gamepedia/images/a/a9/Icon-Reaper.png/revision/latest/scale-to-width-down/64?cb=20221005170219,perk_icons\Reaper_Death_s_Shadow.png,hero_icons\Reaper.png
Damage,Reaper,Major Perk,Ravenous Wraith,Leaving Wraith form grants 40% additional lifesteal for 3 seconds.,https://static.wikia.nocookie.net/overwatch_gamepedia/images/f/f2/Perk_RavenousWraith.png/revision/latest/scale-to-width-down/50?cb=20250314204140,https://static.wikia.nocookie.net/overwatch_gamepedia/images/a/a9/Icon-Reaper.png/revision/latest/scale-to-width-down/64?cb=20221005170219,perk_icons\Reaper_Ravenous_Wraith.png,hero_icons\Reaper.png
Damage,Reaper,Major Perk,Dire Triggers,Use (RMB) to fire a volley with long range accuracy from both Hellfire shotguns.,https://static.wikia.nocookie.net/overwatch_gamepedia/images/2/22/Perk_DireTriggers.png/revision/latest/scale-to-width-down/50?cb=20250314204130,https://static.wikia.nocookie.net/overwatch_gamepedia/images/a/a9/Icon-Reaper.png/revision/latest/scale-to-width-down/64?cb=20221005170219,perk_icons\Reaper_Dire_Triggers.png,hero_icons\Reaper.png
Damage,Sojourn,Major Perk,Adhesive Siphon,Disruptor Shot can stick to enemies and generates Railgun energy when dealing damage.,https://static.wikia.nocookie.net/overwatch_gamepedia/images/e/e3/Perk_AdhesiveSiphon.png/revision/latest/scale-to-width-down/50?cb=20250314164024,https://static.wikia.nocookie.net/overwatch_gamepedia/images/e/e0/Icon-Sojourn.png/revision/latest/scale-to-width-down/64?cb=20221005170226,perk_icons\Sojourn_Adhesive_Siphon.png,hero_icons\Sojourn.png
Damage,Sojourn,Minor Perk,Extended Mag,Maximum ammo increased by 15.,https://static.wikia.nocookie.net/overwatch_gamepedia/images/5/52/Perk_ExtendedMag.png/revision/latest/scale-to-width-down/50?cb=20250314164047,https://static.wikia.nocookie.net/overwatch_gamepedia/images/e/e0/Icon-Sojourn.png/revision/latest/scale-to-width-down/64?cb=20221005170226,perk_icons\Sojourn_Extended_Mag.png,hero_icons\Sojourn.png
Damage,Sojourn,Minor Perk,Overcharged,Railgun’s maximum energy is increased by 50 while Overclock is active.,https://static.wikia.nocookie.net/overwatch_gamepedia/images/8/80/Perk_Overcharged.png/revision/latest/scale-to-width-down/50?cb=20250314164055,https://static.wikia.nocookie.net/overwatch_gamepedia/images/e/e0/Icon-Sojourn.png/revision/latest/scale-to-width-down/64?cb=20221005170226,perk_icons\Sojourn_Overcharged.png,hero_icons\Sojourn.png
Damage,Sojourn,Major Perk,Dual Thrusters,Power Slide gains an additional charge and its jump height shifts to lateral movement.,https://static.wikia.nocookie.net/overwatch_gamepedia/images/4/46/Perk_DualThrusters.png/revision/latest/scale-to-width-down/50?cb=20250314164035,https://static.wikia.nocookie.net/overwatch_gamepedia/images/e/e0/Icon-Sojourn.png/revision/latest/scale-to-width-down/64?cb=20221005170226,perk_icons\Sojourn_Dual_Thrusters.png,hero_icons\Sojourn.png
Damage,Soldier: 76,Major Perk,Agility Training,Sprint’s speed is increased by 20% and reload can be performed while sprint is active.,https://static.wikia.nocookie.net/overwatch_gamepedia/images/5/51/Perk_AgilityTraining.png/revision/latest/scale-to-width-down/50?cb=20250314204420,https://static.wikia.nocookie.net/overwatch_gamepedia/images/2/2b/Icon-Soldier_76.png/revision/latest/scale-to-width-down/64?cb=20221005170355,perk_icons\Soldier__76_Agility_Training.png,hero_icons\Soldier__76.png
Damage,Soldier: 76,Major Perk,Stim Pack,"Biotic Field can be used as a Stim Pack, increasing attack speed and reload speed by 30% while being unhealable for 4 seconds.",https://static.wikia.nocookie.net/overwatch_gamepedia/images/d/d8/Perk_StimPack.png/revision/latest/scale-to-width-down/50?cb=20250314204451,https://static.wikia.nocookie.net/overwatch_gamepedia/images/2/2b/Icon-Soldier_76.png/revision/latest/scale-to-width-down/64?cb=20221005170355,perk_icons\Soldier__76_Stim_Pack.png,hero_icons\Soldier__76.png
Damage,Soldier: 76,Minor Perk,Recycled Pulse Munitions,Helix Rockets reload 15 ammo if they damage an enemy.,https://static.wikia.nocookie.net/overwatch_gamepedia/images/3/33/Perk_RecycledPulseMunitions.png/revision/latest/scale-to-width-down/50?cb=20250314204442,https://static.wikia.nocookie.net/overwatch_gamepedia/images/2/2b/Icon-Soldier_76.png/revision/latest/scale-to-width-down/64?cb=20221005170355,perk_icons\Soldier__76_Recycled_Pulse_Munitions.png,hero_icons\Soldier__76.png
Damage,Soldier: 76,Minor Perk,Field Emergency,Biotic Field’s healing is increased by 100% on critical health allies.,https://static.wikia.nocookie.net/overwatch_gamepedia/images/c/c4/Perk_FieldEmergency.png/revision/latest/scale-to-width-down/50?cb=20250314204433,https://static.wikia.nocookie.net/overwatch_gamepedia/images/2/2b/Icon-Soldier_76.png/revision/latest/scale-to-width-down/64?cb=20221005170355,perk_icons\Soldier__76_Field_Emergency.png,hero_icons\Soldier__76.png
Damage,Sombra,Minor Perk,Viral Efficacy,Virus' cooldown is reduced by 3 seconds when an enemy affected by Virus is eliminated.,https://static.wikia.nocookie.net/overwatch_gamepedia/images/f/fa/Perk_ViralEfficiency.png/revision/latest/scale-to-width-down/50?cb=20250314164318,https://static.wikia.nocookie.net/overwatch_gamepedia/images/7/70/Icon-Sombra.png/revision/latest/scale-to-width-down/64?cb=20221005170556,perk_icons\Sombra_Viral_Efficacy.png,hero_icons\Sombra.png
Damage,Sombra,Minor Perk,CTRL ALT ESC,Teleporting with Translocator while at critical health initiates passive health regeneration.,https://static.wikia.nocookie.net/overwatch_gamepedia/images/c/ca/Perk_CtrlAltEsc.png/revision/latest/scale-to-width-down/50?cb=20250314164256,https://static.wikia.nocookie.net/overwatch_gamepedia/images/7/70/Icon-Sombra.png/revision/latest/scale-to-width-down/64?cb=20221005170556,perk_icons\Sombra_CTRL_ALT_ESC.png,hero_icons\Sombra.png
Damage,Sombra,Major Perk,White Hat,Hack can be used on allies to restore 100 health over 2 seconds.,https://static.wikia.nocookie.net/overwatch_gamepedia/images/f/fc/Perk_WhiteHat.png/revision/latest/scale-to-width-down/50?cb=20250314164329,https://static.wikia.nocookie.net/overwatch_gamepedia/images/7/70/Icon-Sombra.png/revision/latest/scale-to-width-down/64?cb=20221005170556,perk_icons\Sombra_White_Hat.png,hero_icons\Sombra.png
Damage,Sombra,Major Perk,Stack Overflow,"Hack's silence duration is increased by 100%, but its range is decreased by 30%.",https://static.wikia.nocookie.net/overwatch_gamepedia/images/c/c1/Perk_StackOverflow.png/revision/latest/scale-to-width-down/50?cb=20250314164308,https://static.wikia.nocookie.net/overwatch_gamepedia/images/7/70/Icon-Sombra.png/revision/latest/scale-to-width-down/64?cb=20221005170556,perk_icons\Sombra_Stack_Overflow.png,hero_icons\Sombra.png
Damage,Symmetra,Major Perk,Perfect Alignment,Primary fire’s range increases by 15% with each additional charge level.,https://static.wikia.nocookie.net/overwatch_gamepedia/images/5/56/Perk_PerfectAlignment.png/revision/latest/scale-to-width-down/50?cb=20250314164624,https://static.wikia.nocookie.net/overwatch_gamepedia/images/0/06/Icon-Symmetra.png/revision/latest/scale-to-width-down/64?cb=20221005170604,perk_icons\Symmetra_Perfect_Alignment.png,hero_icons\Symmetra.png
Damage,Symmetra,Minor Perk,Sentry Capacity,Sentry Turret gains an additional charge.,https://static.wikia.nocookie.net/overwatch_gamepedia/images/5/5c/Perk_SentryCapacity.png/revision/latest/scale-to-width-down/50?cb=20250314164635,https://static.wikia.nocookie.net/overwatch_gamepedia/images/0/06/Icon-Symmetra.png/revision/latest/scale-to-width-down/64?cb=20221005170604,perk_icons\Symmetra_Sentry_Capacity.png,hero_icons\Symmetra.png
Damage,Symmetra,Minor Perk,Advanced Teleportation,Teleporter’s range is increased by 50%.,https://static.wikia.nocookie.net/overwatch_gamepedia/images/2/27/Perk_AdvancedTeleportation.png/revision/latest/scale-to-width-down/50?cb=20250314164611,https://static.wikia.nocookie.net/overwatch_gamepedia/images/0/06/Icon-Symmetra.png/revision/latest/scale-to-width-down/64?cb=20221005170604,perk_icons\Symmetra_Advanced_Teleportation.png,hero_icons\Symmetra.png
Damage,Symmetra,Major Perk,Shield Battery,Symmetra regenerates 20 shields per second while within 10 meters of her teleporter.,https://static.wikia.nocookie.net/overwatch_gamepedia/images/7/7e/Perk_ShieldBattery.png/revision/latest/scale-to-width-down/50?cb=20250314164646,https://static.wikia.nocookie.net/overwatch_gamepedia/images/0/06/Icon-Symmetra.png/revision/latest/scale-to-width-down/64?cb=20221005170604,perk_icons\Symmetra_Shield_Battery.png,hero_icons\Symmetra.png
Damage,Torbjörn,Minor Perk,Craftsman,Forge Hammer can restore armor health to allies. Turret repair's heal is increased by 25%.,https://static.wikia.nocookie.net/overwatch_gamepedia/images/f/f4/Perk_Craftsman.png/revision/latest/scale-to-width-down/50?cb=20250314164856,https://static.wikia.nocookie.net/overwatch_gamepedia/images/c/ca/Icon-Torbj%C3%B6rn.png/revision/latest/scale-to-width-down/64?cb=20221005170611,perk_icons\Torbjörn_Craftsman.png,hero_icons\Torbjörn.png
Damage,Torbjörn,Minor Perk,Fully Loaded,Activating Overload fully refills Rivet Gun's ammo.,https://static.wikia.nocookie.net/overwatch_gamepedia/images/c/c0/Perk_FullyLoaded.png/revision/latest/scale-to-width-down/50?cb=20250314164905,https://static.wikia.nocookie.net/overwatch_gamepedia/images/c/ca/Icon-Torbj%C3%B6rn.png/revision/latest/scale-to-width-down/64?cb=20221005170611,perk_icons\Torbjörn_Fully_Loaded.png,hero_icons\Torbjörn.png
Damage,Torbjörn,Major Perk,Anchor Bolts,Deploy Turret's throw range is increased by 50% and it can now attach to walls and ceilings.,https://static.wikia.nocookie.net/overwatch_gamepedia/images/0/0a/Perk_AnchorBolts.png/revision/latest/scale-to-width-down/50?cb=20250314164844,https://static.wikia.nocookie.net/overwatch_gamepedia/images/c/ca/Icon-Torbj%C3%B6rn.png/revision/latest/scale-to-width-down/64?cb=20221005170611,perk_icons\Torbjörn_Anchor_Bolts.png,hero_icons\Torbjörn.png
Damage,Torbjörn,Major Perk,Overloaded Turret,"Overload upgrades your Turret for 5 seconds, increasing its health and damage.",https://static.wikia.nocookie.net/overwatch_gamepedia/images/7/7a/Perk_OverloadedTurret.png/revision/latest/scale-to-width-down/50?cb=20250314164915,https://static.wikia.nocookie.net/overwatch_gamepedia/images/c/ca/Icon-Torbj%C3%B6rn.png/revision/latest/scale-to-width-down/64?cb=20221005170611,perk_icons\Torbjörn_Overloaded_Turret.png,hero_icons\Torbjörn.png
Damage,Tracer,Major Perk,Flashback,Recall restores all Blink charges.,https://static.wikia.nocookie.net/overwatch_gamepedia/images/d/da/Perk_Flashback.png/revision/latest/scale-to-width-down/50?cb=20250314163748,https://static.wikia.nocookie.net/overwatch_gamepedia/images/2/29/Icon-Tracer.png/revision/latest/scale-to-width-down/64?cb=20221005170620,perk_icons\Tracer_Flashback.png,hero_icons\Tracer.png
Damage,Tracer,Minor Perk,Blast from the Past,Pulse Bomb's radius is increased by 50%.,https://static.wikia.nocookie.net/overwatch_gamepedia/images/4/45/Perk_Blast-from-the-Past.png/revision/latest/scale-to-width-down/50?cb=20250314163724,https://static.wikia.nocookie.net/overwatch_gamepedia/images/2/29/Icon-Tracer.png/revision/latest/scale-to-width-down/64?cb=20221005170620,perk_icons\Tracer_Blast_from_the_Past.png,hero_icons\Tracer.png
Damage,Tracer,Minor Perk,Blink Packs,Health Packs restore 1 Blink charge.,https://static.wikia.nocookie.net/overwatch_gamepedia/images/e/e0/Perk_BlinkPacks.png/revision/latest/scale-to-width-down/50?cb=20250314163734,https://static.wikia.nocookie.net/overwatch_gamepedia/images/2/29/Icon-Tracer.png/revision/latest/scale-to-width-down/64?cb=20221005170620,perk_icons\Tracer_Blink_Packs.png,hero_icons\Tracer.png
Damage,Tracer,Major Perk,Quantum Entanglement,Recall grant 50 overhealth that decays over time.,https://static.wikia.nocookie.net/overwatch_gamepedia/images/1/16/Perk_QuantumEntanglement.png/revision/latest/scale-to-width-down/50?cb=20250314163802,https://static.wikia.nocookie.net/overwatch_gamepedia/images/2/29/Icon-Tracer.png/revision/latest/scale-to-width-down/64?cb=20221005170620,perk_icons\Tracer_Quantum_Entanglement.png,hero_icons\Tracer.png
Damage,Venture,Minor Perk,Excavation Exhilaration,"While Tectonic Shock is active, cooldowns refresh 300% faster.",https://static.wikia.nocookie.net/overwatch_gamepedia/images/b/b9/Perk_ExcavationExhilaration.png/revision/latest/scale-to-width-down/50?cb=20250314165513,https://static.wikia.nocookie.net/overwatch_gamepedia/images/a/a0/Icon-Venture.png/revision/latest/scale-to-width-down/64?cb=20240417102123,perk_icons\Venture_Excavation_Exhilaration.png,hero_icons\Venture.png
Damage,Venture,Minor Perk,Seismic Sense,"While underground, Venture can sense enemies within 25 meters.",https://static.wikia.nocookie.net/overwatch_gamepedia/images/9/90/Perk_SeismicSense.png/revision/latest/scale-to-width-down/50?cb=20250314165524,https://static.wikia.nocookie.net/overwatch_gamepedia/images/a/a0/Icon-Venture.png/revision/latest/scale-to-width-down/64?cb=20240417102123,perk_icons\Venture_Seismic_Sense.png,hero_icons\Venture.png
Damage,Venture,Major Perk,SMART-R Excavator,SMART Excavator's range is increased by 25%.,https://static.wikia.nocookie.net/overwatch_gamepedia/images/a/a4/Perk_SmartrExcavator.png/revision/latest/scale-to-width-down/50?cb=20250314165534,https://static.wikia.nocookie.net/overwatch_gamepedia/images/a/a0/Icon-Venture.png/revision/latest/scale-to-width-down/64?cb=20240417102123,perk_icons\Venture_SMART-R_Excavator.png,hero_icons\Venture.png
Damage,Venture,Major Perk,Covered in Dirt,Dealing damage with Clobber grants up to 30 Explorer's Resolve shields.,https://static.wikia.nocookie.net/overwatch_gamepedia/images/5/54/Perk_Covered-in-Dirt.png/revision/latest/scale-to-width-down/50?cb=20250314165503,https://static.wikia.nocookie.net/overwatch_gamepedia/images/a/a0/Icon-Venture.png/revision/latest/scale-to-width-down/64?cb=20240417102123,perk_icons\Venture_Covered_in_Dirt.png,hero_icons\Venture.png
Damage,Widowmaker,Major Perk,Escape Plan,Scoped shot hits reduce Grappling Hook's cooldown by up to 4 seconds.,https://static.wikia.nocookie.net/overwatch_gamepedia/images/f/fc/Perk_EscapePlan.png/revision/latest/scale-to-width-down/50?cb=20250314165130,https://static.wikia.nocookie.net/overwatch_gamepedia/images/5/54/Icon-Widowmaker.png/revision/latest/scale-to-width-down/64?cb=20221005170629,perk_icons\Widowmaker_Escape_Plan.png,hero_icons\Widowmaker.png
Damage,Widowmaker,Minor Perk,Focused Aim,Scoped shots charge 50% faster during Infra-Sight.,https://static.wikia.nocookie.net/overwatch_gamepedia/images/3/36/Perk_FocusedAim.png/revision/latest/scale-to-width-down/50?cb=20250314165140,https://static.wikia.nocookie.net/overwatch_gamepedia/images/5/54/Icon-Widowmaker.png/revision/latest/scale-to-width-down/64?cb=20221005170629,perk_icons\Widowmaker_Focused_Aim.png,hero_icons\Widowmaker.png
Damage,Widowmaker,Minor Perk,Scoped Efficiency,Scoped shots cost 3 ammo instead of 5.,https://static.wikia.nocookie.net/overwatch_gamepedia/images/c/cb/Perk_ScopedEfficiency.png/revision/latest/scale-to-width-down/50?cb=20250314165150,https://static.wikia.nocookie.net/overwatch_gamepedia/images/5/54/Icon-Widowmaker.png/revision/latest/scale-to-width-down/64?cb=20221005170629,perk_icons\Widowmaker_Scoped_Efficiency.png,hero_icons\Widowmaker.png
Damage,Widowmaker,Major Perk,Deadly Deux,"Venom Mine gains 50% increased damage and a second charge, enabling 2 active mines at a time.",https://static.wikia.nocookie.net/overwatch_gamepedia/images/6/6c/Perk_DeadlyDeux.png/revision/latest/scale-to-width-down/50?cb=20250314165118,https://static.wikia.nocookie.net/overwatch_gamepedia/images/5/54/Icon-Widowmaker.png/revision/latest/scale-to-width-down/64?cb=20221005170629,perk_icons\Widowmaker_Deadly_Deux.png,hero_icons\Widowmaker.png
Support,Ana,Minor Perk,Groggy,Enemies waking up from Sleep Dart are slowed for 2 seconds.,https://static.wikia.nocookie.net/overwatch_gamepedia/images/b/b3/Perk_Groggy.png/revision/latest/scale-to-width-down/50?cb=20250314143631,https://static.wikia.nocookie.net/overwatch_gamepedia/images/3/3d/Icon-Ana.png/revision/latest/scale-to-width-down/64?cb=20221005160847,perk_icons\Ana_Groggy.png,hero_icons\Ana.png
Support,Ana,Minor Perk,Biotic Bounce,"After exploding, Biotic Grenade bounces and explodes again for 50 damage and healing.",https://static.wikia.nocookie.net/overwatch_gamepedia/images/6/69/Perk_BioticBounce.png/revision/latest/scale-to-width-down/50?cb=20250314143622,https://static.wikia.nocookie.net/overwatch_gamepedia/images/3/3d/Icon-Ana.png/revision/latest/scale-to-width-down/64?cb=20221005160847,perk_icons\Ana_Biotic_Bounce.png,hero_icons\Ana.png
Support,Ana,Major Perk,Headhunter,Biotic Rifle can crit enemies.,https://static.wikia.nocookie.net/overwatch_gamepedia/images/b/b9/Perk_Headhunter.png/revision/latest/scale-to-width-down/50?cb=20250314143642,https://static.wikia.nocookie.net/overwatch_gamepedia/images/3/3d/Icon-Ana.png/revision/latest/scale-to-width-down/64?cb=20221005160847,perk_icons\Ana_Headhunter.png,hero_icons\Ana.png
Support,Ana,Major Perk,Shrike,Using Nano Boost also casts it on Ana.,https://static.wikia.nocookie.net/overwatch_gamepedia/images/e/e1/Perk_Shrike.png/revision/latest/scale-to-width-down/50?cb=20250314143650,https://static.wikia.nocookie.net/overwatch_gamepedia/images/3/3d/Icon-Ana.png/revision/latest/scale-to-width-down/64?cb=20221005160847,perk_icons\Ana_Shrike.png,hero_icons\Ana.png
Support,Baptiste,Minor Perk,Field Medicine,Immortality Field restores 80 health to nearby allies and 40 health to Baptiste when destroyed.,https://static.wikia.nocookie.net/overwatch_gamepedia/images/7/74/Perk_FieldMedicine.png/revision/latest/scale-to-width-down/50?cb=20250314144415,https://static.wikia.nocookie.net/overwatch_gamepedia/images/f/fb/Icon-Baptiste.png/revision/latest/scale-to-width-down/64?cb=20221005160910,perk_icons\Baptiste_Field_Medicine.png,hero_icons\Baptiste.png
Support,Baptiste,Minor Perk,Automated Healing,"After placing Amplification Matrix, your Shoulder Turret periodically fires up to 12 shots at allies, each restoring 25 health.",https://static.wikia.nocookie.net/overwatch_gamepedia/images/a/aa/Perk_AutomatedHealing.png/revision/latest/scale-to-width-down/50?cb=20250314144402,https://static.wikia.nocookie.net/overwatch_gamepedia/images/f/fb/Icon-Baptiste.png/revision/latest/scale-to-width-down/64?cb=20221005160910,perk_icons\Baptiste_Automated_Healing.png,hero_icons\Baptiste.png
Support,Baptiste,Major Perk,Assault Burst,"Regenerative Burst grants Baptiste 20% attack speed for 4 seconds, but no longer instantly heals.",https://static.wikia.nocookie.net/overwatch_gamepedia/images/8/88/Perk_AssaultBurst.png/revision/latest/scale-to-width-down/50?cb=20250314144340,https://static.wikia.nocookie.net/overwatch_gamepedia/images/f/fb/Icon-Baptiste.png/revision/latest/scale-to-width-down/64?cb=20221005160910,perk_icons\Baptiste_Assault_Burst.png,hero_icons\Baptiste.png
Support,Baptiste,Major Perk,Rocket Boots,"While airborne from Exo Boots, use (SPACE) to dash horizontally.",https://static.wikia.nocookie.net/overwatch_gamepedia/images/c/c9/Perk_RocketBoots.png/revision/latest/scale-to-width-down/50?cb=20250314144352,https://static.wikia.nocookie.net/overwatch_gamepedia/images/f/fb/Icon-Baptiste.png/revision/latest/scale-to-width-down/64?cb=20221005160910,perk_icons\Baptiste_Rocket_Boots.png,hero_icons\Baptiste.png
Support,Brigitte,Minor Perk,Barrier Restoration,Shield Bash restores 100 health to Barrier Shield when it hits an enemy.,https://static.wikia.nocookie.net/overwatch_gamepedia/images/a/a1/Perk_BarrierRestoration.png/revision/latest/scale-to-width-down/50?cb=20250314150124,https://static.wikia.nocookie.net/overwatch_gamepedia/images/a/a6/Icon-Brigitte.png/revision/latest/scale-to-width-down/64?cb=20221005160917,perk_icons\Brigitte_Barrier_Restoration.png,hero_icons\Brigitte.png
Support,Brigitte,Minor Perk,Morale Boost,Inspire lasts 3 seconds longer when activated by Whip Shot.,https://static.wikia.nocookie.net/overwatch_gamepedia/images/9/99/Perk_MoraleBoost.png/revision/latest/scale-to-width-down/50?cb=20250314150135,https://static.wikia.nocookie.net/overwatch_gamepedia/images/a/a6/Icon-Brigitte.png/revision/latest/scale-to-width-down/64?cb=20221005160917,perk_icons\Brigitte_Morale_Boost.png,hero_icons\Brigitte.png
Support,Brigitte,Major Perk,Quick Fix,Repair Packs instantly heal an additional 35 health to critical health allies.,https://static.wikia.nocookie.net/overwatch_gamepedia/images/0/0f/Perk_QuickFix.png/revision/latest/scale-to-width-down/50?cb=20250314150144,https://static.wikia.nocookie.net/overwatch_gamepedia/images/a/a6/Icon-Brigitte.png/revision/latest/scale-to-width-down/64?cb=20221005160917,perk_icons\Brigitte_Quick_Fix.png,hero_icons\Brigitte.png
Support,Brigitte,Major Perk,Whiplash,"Whip Shot’s knockback can slam enemies into walls, dealing 50 extra damage.",https://static.wikia.nocookie.net/overwatch_gamepedia/images/7/72/Perk_Whiplash.png/revision/latest/scale-to-width-down/50?cb=20250314150153,https://static.wikia.nocookie.net/overwatch_gamepedia/images/a/a6/Icon-Brigitte.png/revision/latest/scale-to-width-down/64?cb=20221005160917,perk_icons\Brigitte_Whiplash.png,hero_icons\Brigitte.png
Support,Illari,Minor Perk,Rapid Construction,Healing Pylon builds 300% faster and its cooldown is reduced by 1.5 seconds.,https://static.wikia.nocookie.net/overwatch_gamepedia/images/0/0f/Perk_RapidConstruction.png/revision/latest/scale-to-width-down/50?cb=20250314153051,https://static.wikia.nocookie.net/overwatch_gamepedia/images/8/86/Icon-Illari.png/revision/latest/scale-to-width-down/64?cb=20230811015354,perk_icons\Illari_Rapid_Construction.png,hero_icons\Illari.png
Support,Illari,Minor Perk,Summer Solstice,Illari’s flight time during Captive Sun is increased by 3 seconds and her flight speed is increased by 20%.,https://static.wikia.nocookie.net/overwatch_gamepedia/images/2/2b/Perk_SummerSolstice.png/revision/latest/scale-to-width-down/50?cb=20250314153110,https://static.wikia.nocookie.net/overwatch_gamepedia/images/8/86/Icon-Illari.png/revision/latest/scale-to-width-down/64?cb=20230811015354,perk_icons\Illari_Summer_Solstice.png,hero_icons\Illari.png
Support,Illari,Major Perk,Solar Power,"Fully charged Solar Rifle hits grant 12.5% of your maximum solar energy, overfilling up to 50%.",https://static.wikia.nocookie.net/overwatch_gamepedia/images/8/81/Perk_SolarPower.png/revision/latest/scale-to-width-down/50?cb=20250314153101,https://static.wikia.nocookie.net/overwatch_gamepedia/images/8/86/Icon-Illari.png/revision/latest/scale-to-width-down/64?cb=20230811015354,perk_icons\Illari_Solar_Power.png,hero_icons\Illari.png
Support,Illari,Major Perk,Sunburn,"Outburst ignites enemies, dealing an additional 70 damage over 3 seconds.",https://static.wikia.nocookie.net/overwatch_gamepedia/images/a/a0/Perk_Sunburn.png/revision/latest/scale-to-width-down/50?cb=20250314153121,https://static.wikia.nocookie.net/overwatch_gamepedia/images/8/86/Icon-Illari.png/revision/latest/scale-to-width-down/64?cb=20230811015354,perk_icons\Illari_Sunburn.png,hero_icons\Illari.png
Support,Juno,Minor Perk,Familiar Vitals,Pulsar Torpedoes lock onto allies 35% faster.,https://static.wikia.nocookie.net/overwatch_gamepedia/images/0/0f/Perk_FamiliarVitals.png/revision/latest/scale-to-width-down/50?cb=20250314153319,https://static.wikia.nocookie.net/overwatch_gamepedia/images/c/c7/Icon-Juno.png/revision/latest/scale-to-width-down/64?cb=20240822214309,perk_icons\Juno_Familiar_Vitals.png,hero_icons\Juno.png
Support,Juno,Minor Perk,Hyper Boost,"While using Glide Boost, passing through Hyper Ring pushes you forward.",https://static.wikia.nocookie.net/overwatch_gamepedia/images/6/6e/Perk_HyperBoost.png/revision/latest/scale-to-width-down/50?cb=20250314153332,https://static.wikia.nocookie.net/overwatch_gamepedia/images/c/c7/Icon-Juno.png/revision/latest/scale-to-width-down/64?cb=20240822214309,perk_icons\Juno_Hyper_Boost.png,hero_icons\Juno.png
Support,Juno,Major Perk,Master Blaster,Mediblaster can crit enemies.,https://static.wikia.nocookie.net/overwatch_gamepedia/images/c/c9/Perk_MasterBlaster.png/revision/latest/scale-to-width-down/50?cb=20250314153342,https://static.wikia.nocookie.net/overwatch_gamepedia/images/c/c7/Icon-Juno.png/revision/latest/scale-to-width-down/64?cb=20240822214309,perk_icons\Juno_Master_Blaster.png,hero_icons\Juno.png
Support,Juno,Major Perk,Re-Boots,Activating Glide Boost resets Double Jump.,https://static.wikia.nocookie.net/overwatch_gamepedia/images/c/c4/Perk_ReBoots.png/revision/latest/scale-to-width-down/50?cb=20250314153403,https://static.wikia.nocookie.net/overwatch_gamepedia/images/c/c7/Icon-Juno.png/revision/latest/scale-to-width-down/64?cb=20240822214309,perk_icons\Juno_Re-Boots.png,hero_icons\Juno.png
Support,Kiriko,Minor Perk,Urgent Care,Healing Ofuda projectile speed is increased by 50% when seeking critical health allies.,https://static.wikia.nocookie.net/overwatch_gamepedia/images/0/03/Perk_UrgentCare.png/revision/latest/scale-to-width-down/50?cb=20250314153849,https://static.wikia.nocookie.net/overwatch_gamepedia/images/c/ca/Icon-kiriko.png/revision/latest/scale-to-width-down/64?cb=20221004202610,perk_icons\Kiriko_Urgent_Care.png,hero_icons\Kiriko.png
Support,Kiriko,Minor Perk,Fortune Teller,Kunai hits launch 2 Healing Ofuda to an ally in front of you.,https://static.wikia.nocookie.net/overwatch_gamepedia/images/4/49/Perk_FortuneTeller.png/revision/latest/scale-to-width-down/50?cb=20250314153814,https://static.wikia.nocookie.net/overwatch_gamepedia/images/c/ca/Icon-kiriko.png/revision/latest/scale-to-width-down/64?cb=20221004202610,perk_icons\Kiriko_Fortune_Teller.png,hero_icons\Kiriko.png
Support,Kiriko,Major Perk,Shuffling,Swift Step can be used again within 4 seconds of its initial cast.,https://static.wikia.nocookie.net/overwatch_gamepedia/images/c/c1/Perk_Shuffling.png/revision/latest/scale-to-width-down/50?cb=20250314153835,https://static.wikia.nocookie.net/overwatch_gamepedia/images/c/ca/Icon-kiriko.png/revision/latest/scale-to-width-down/64?cb=20221004202610,perk_icons\Kiriko_Shuffling.png,hero_icons\Kiriko.png
Support,Kiriko,Major Perk,Foxtrot,Protection Suzu grants 40% movement speed to allies for 2 seconds.,https://static.wikia.nocookie.net/overwatch_gamepedia/images/a/a0/Perk_Foxtrot.png/revision/latest/scale-to-width-down/50?cb=20250314153827,https://static.wikia.nocookie.net/overwatch_gamepedia/images/c/ca/Icon-kiriko.png/revision/latest/scale-to-width-down/64?cb=20221004202610,perk_icons\Kiriko_Foxtrot.png,hero_icons\Kiriko.png
Support,Lifeweaver,Minor Perk,Cleansing Grasp,Life Grip cleanses negative effects.,https://static.wikia.nocookie.net/overwatch_gamepedia/images/4/45/Perk_CleansingGrasp.png/revision/latest/scale-to-width-down/50?cb=20250314204808,https://static.wikia.nocookie.net/overwatch_gamepedia/images/8/86/Icon-Lifeweaver.png/revision/latest/scale-to-width-down/64?cb=20230411181321,perk_icons\Lifeweaver_Cleansing_Grasp.png,hero_icons\Lifeweaver.png
Support,Lifeweaver,Minor Perk,Life Cycle,"While alive, regenerate 10 health per second. Upon death, drop a healing seed that heals allies for 250 health.",https://static.wikia.nocookie.net/overwatch_gamepedia/images/1/13/Perk_LifeCycle.png/revision/latest/scale-to-width-down/50?cb=20250314204816,https://static.wikia.nocookie.net/overwatch_gamepedia/images/8/86/Icon-Lifeweaver.png/revision/latest/scale-to-width-down/64?cb=20230411181321,perk_icons\Lifeweaver_Life_Cycle.png,hero_icons\Lifeweaver.png
Support,Lifeweaver,Major Perk,Lifeweaving,Rejuvenating Dash adds 20 healing to your next Healing Blossom within 3 seconds.,https://static.wikia.nocookie.net/overwatch_gamepedia/images/8/8c/Perk_Lifeweaving.png/revision/latest/scale-to-width-down/50?cb=20250314204826,https://static.wikia.nocookie.net/overwatch_gamepedia/images/8/86/Icon-Lifeweaver.png/revision/latest/scale-to-width-down/64?cb=20230411181321,perk_icons\Lifeweaver_Lifeweaving.png,hero_icons\Lifeweaver.png
Support,Lifeweaver,Major Perk,Superbloom,Thorns detonate for 30 extra damage when enough stick within 1.5 seconds.,https://static.wikia.nocookie.net/overwatch_gamepedia/images/5/51/Perk_Superbloom.png/revision/latest/scale-to-width-down/50?cb=20250314204907,https://static.wikia.nocookie.net/overwatch_gamepedia/images/8/86/Icon-Lifeweaver.png/revision/latest/scale-to-width-down/64?cb=20230411181321,perk_icons\Lifeweaver_Superbloom.png,hero_icons\Lifeweaver.png
Support,Lúcio,Minor Perk,Bass Blowout,Soundwave's knockback is increased by 15%.,https://static.wikia.nocookie.net/overwatch_gamepedia/images/1/18/Perk_BassBlowout.png/revision/latest/scale-to-width-down/50?cb=20250314154838,https://static.wikia.nocookie.net/overwatch_gamepedia/images/5/51/Icon-L%C3%BAcio.png/revision/latest/scale-to-width-down/64?cb=20221004204914,perk_icons\Lúcio_Bass_Blowout.png,hero_icons\Lúcio.png
Support,Lúcio,Minor Perk,Groovin',Regenerate 4 ammo per second while wall riding.,https://static.wikia.nocookie.net/overwatch_gamepedia/images/8/8b/Perk_Groovin.png/revision/latest/scale-to-width-down/50?cb=20250314154846,https://static.wikia.nocookie.net/overwatch_gamepedia/images/5/51/Icon-L%C3%BAcio.png/revision/latest/scale-to-width-down/64?cb=20221004204914,perk_icons\Lúcio_Groovin_.png,hero_icons\Lúcio.png
Support,Lúcio,Major Perk,Noise Violation,Crossfade's range is increased by 150% while Amp It Up is active.,https://static.wikia.nocookie.net/overwatch_gamepedia/images/f/f3/Perk_NoiseViolation.png/revision/latest/scale-to-width-down/50?cb=20250314154855,https://static.wikia.nocookie.net/overwatch_gamepedia/images/5/51/Icon-L%C3%BAcio.png/revision/latest/scale-to-width-down/64?cb=20221004204914,perk_icons\Lúcio_Noise_Violation.png,hero_icons\Lúcio.png
Support,Lúcio,Major Perk,Accelerando,Lúcio's attack speed is increased by 50% while Amp It Up is active.,https://static.wikia.nocookie.net/overwatch_gamepedia/images/4/47/Perk_Accelerando.png/revision/latest/scale-to-width-down/50?cb=20250314154826,https://static.wikia.nocookie.net/overwatch_gamepedia/images/5/51/Icon-L%C3%BAcio.png/revision/latest/scale-to-width-down/64?cb=20221004204914,perk_icons\Lúcio_Accelerando.png,hero_icons\Lúcio.png
Support,Mercy,Minor Perk,Angelic Recovery,Mercy receives 15 health per second while Caduceus Staff is attached to a full health ally.,https://static.wikia.nocookie.net/overwatch_gamepedia/images/c/cc/Perk_AngelicRecovery.png/revision/latest/scale-to-width-down/50?cb=20250314154303,https://static.wikia.nocookie.net/overwatch_gamepedia/images/0/03/Icon-Mercy.png/revision/latest/scale-to-width-down/64?cb=20221005160926,perk_icons\Mercy_Angelic_Recovery.png,hero_icons\Mercy.png
Support,Mercy,Minor Perk,Winged Reach,Guardian Angel's range is increased by 30%.,https://static.wikia.nocookie.net/overwatch_gamepedia/images/5/50/Perk_WingedReach.png/revision/latest/scale-to-width-down/50?cb=20250314154338,https://static.wikia.nocookie.net/overwatch_gamepedia/images/0/03/Icon-Mercy.png/revision/latest/scale-to-width-down/64?cb=20221005160926,perk_icons\Mercy_Winged_Reach.png,hero_icons\Mercy.png
Support,Mercy,Major Perk,Chain Boost,Secondary fire links to a second nearby ally.,https://static.wikia.nocookie.net/overwatch_gamepedia/images/c/ca/Perk_ChainBoost.png/revision/latest/scale-to-width-down/50?cb=20250314154316,https://static.wikia.nocookie.net/overwatch_gamepedia/images/0/03/Icon-Mercy.png/revision/latest/scale-to-width-down/64?cb=20221005160926,perk_icons\Mercy_Chain_Boost.png,hero_icons\Mercy.png
Support,Mercy,Major Perk,Flash Heal,Resurrect can be used on Caduceus Staff's active target to restore 150 health. Doing so incurs a 15 second cooldown.,https://static.wikia.nocookie.net/overwatch_gamepedia/images/9/9e/Perk_FlashHeal.png/revision/latest/scale-to-width-down/50?cb=20250314154328,https://static.wikia.nocookie.net/overwatch_gamepedia/images/0/03/Icon-Mercy.png/revision/latest/scale-to-width-down/64?cb=20221005160926,perk_icons\Mercy_Flash_Heal.png,hero_icons\Mercy.png
Support,Moira,Minor Perk,Vanish,Fade’s duration is increased by 0.5 seconds.,https://static.wikia.nocookie.net/overwatch_gamepedia/images/f/f6/Perk_Vanish.png/revision/latest/scale-to-width-down/50?cb=20250314155817,https://static.wikia.nocookie.net/overwatch_gamepedia/images/5/55/Icon-Moira.png/revision/latest/scale-to-width-down/64?cb=20221005160935,perk_icons\Moira_Vanish.png,hero_icons\Moira.png
Support,Moira,Minor Perk,Uprush,Fade’s jump height is increased by 50%.,https://static.wikia.nocookie.net/overwatch_gamepedia/images/d/d1/Perk_Uprush.png/revision/latest/scale-to-width-down/50?cb=20250314155809,https://static.wikia.nocookie.net/overwatch_gamepedia/images/5/55/Icon-Moira.png/revision/latest/scale-to-width-down/64?cb=20221005160935,perk_icons\Moira_Uprush.png,hero_icons\Moira.png
Support,Moira,Major Perk,Ethical Nourishment,Biotic Orb’s first 50 healing is instant on each ally it encounters.,https://static.wikia.nocookie.net/overwatch_gamepedia/images/1/1a/Perk_EthicalNourishment.png/revision/latest/scale-to-width-down/50?cb=20250314155758,https://static.wikia.nocookie.net/overwatch_gamepedia/images/5/55/Icon-Moira.png/revision/latest/scale-to-width-down/64?cb=20221005160935,perk_icons\Moira_Ethical_Nourishment.png,hero_icons\Moira.png
Support,Moira,Major Perk,Contamination,Enemies being damaged by Biotic Orb receive 25% reduced healing.,https://static.wikia.nocookie.net/overwatch_gamepedia/images/b/ba/Perk_Contamination.png/revision/latest/scale-to-width-down/50?cb=20250314155744,https://static.wikia.nocookie.net/overwatch_gamepedia/images/5/55/Icon-Moira.png/revision/latest/scale-to-width-down/64?cb=20221005160935,perk_icons\Moira_Contamination.png,hero_icons\Moira.png
Support,Zenyatta,Minor Perk,Zenith Kick,Snap Kick’s knockback distance is increased by 30%.,https://static.wikia.nocookie.net/overwatch_gamepedia/images/f/f8/Perk_ZenithKick.png/revision/latest/scale-to-width-down/50?cb=20250314170742,https://static.wikia.nocookie.net/overwatch_gamepedia/images/f/f7/Icon-Zenyatta.png/revision/latest/scale-to-width-down/64?cb=20221005160943,perk_icons\Zenyatta_Zenith_Kick.png,hero_icons\Zenyatta.png
Support,Zenyatta,Minor Perk,Ascendance,Activate and hold Double Jump to hover for up to 3 seconds.,https://static.wikia.nocookie.net/overwatch_gamepedia/images/2/2c/Perk_Ascendance.png/revision/latest/scale-to-width-down/50?cb=20250314170701,https://static.wikia.nocookie.net/overwatch_gamepedia/images/f/f7/Icon-Zenyatta.png/revision/latest/scale-to-width-down/64?cb=20221005160943,perk_icons\Zenyatta_Ascendance.png,hero_icons\Zenyatta.png
Support,Zenyatta,Major Perk,Focused Destruction,Secondary fire charges 20% faster and can store 1 extra Orb of Destruction.,https://static.wikia.nocookie.net/overwatch_gamepedia/images/d/dc/Perk_FocusedDestruction.png/revision/latest/scale-to-width-down/50?cb=20250314170729,https://static.wikia.nocookie.net/overwatch_gamepedia/images/f/f7/Icon-Zenyatta.png/revision/latest/scale-to-width-down/64?cb=20221005160943,perk_icons\Zenyatta_Focused_Destruction.png,hero_icons\Zenyatta.png
Support,Zenyatta,Major Perk,Duality,Zenyatta heals Orb of Harmony targets for 20% of his damage dealt to Orb of Discord targets.,https://static.wikia.nocookie.net/overwatch_gamepedia/images/8/8c/Perk_Duality.png/revision/latest/scale-to-width-down/50?cb=20250314170713,https://static.wikia.nocookie.net/overwatch_gamepedia/images/f/f7/Icon-Zenyatta.png/revision/latest/scale-to-width-down/64?cb=20221005160943,perk_icons\Zenyatta_Duality.png,hero_icons\Zenyatta.png
